dataset,change_type,key,column,old_value,new_value,message
players,changed_value,011cc2ebd1fe604f,last_verified_at,2026-06-05,,Column 'last_verified_at' changed for '011cc2ebd1fe604f'
players,changed_value,0e17072039106cfb,last_verified_at,2026-06-05,,Column 'last_verified_at' changed for '0e17072039106cfb'
players,changed_value,13259ef858170e50,last_verified_at,2026-06-05,,Column 'last_verified_at' changed for '13259ef858170e50'
players,changed_value,1691feda2d24ab4f,last_verified_at,2026-06-05,,Column 'last_verified_at' changed for '1691feda2d24ab4f'
players,changed_value,16ee96f89581d626,last_verified_at,2026-06-05,,Column 'last_verified_at' changed for '16ee96f89581d626'
players,changed_value,1f723eb1a7e108a0,last_verified_at,2026-06-05,,Column 'last_verified_at' changed for '1f723eb1a7e108a0'
players,changed_value,250e8e30d229771c,last_verified_at,2026-06-05,,Column 'last_verified_at' changed for '250e8e30d229771c'
players,changed_value,25e490e0624b56e7,last_verified_at,2026-06-05,,Column 'last_verified_at' changed for '25e490e0624b56e7'
players,changed_value,262a102f05bed01b,last_verified_at,2026-06-05,,Column 'last_verified_at' changed for '262a102f05bed01b'
players,changed_value,2d57517c6c18408e,last_verified_at,2026-06-05,,Column 'last_verified_at' changed for '2d57517c6c18408e'
players,changed_value,2d737a2cee668215,last_verified_at,2026-06-05,,Column 'last_verified_at' changed for '2d737a2cee668215'
players,changed_value,3202a311c11d3a24,last_verified_at,2026-06-05,,Column 'last_verified_at' changed for '3202a311c11d3a24'
players,changed_value,3d071013b48dbd3e,last_verified_at,2026-06-05,,Column 'last_verified_at' changed for '3d071013b48dbd3e'
players,changed_value,3ddcb93987c22436,last_verified_at,2026-06-05,,Column 'last_verified_at' changed for '3ddcb93987c22436'
players,changed_value,3f6ffe24df26a01d,last_verified_at,2026-06-05,,Column 'last_verified_at' changed for '3f6ffe24df26a01d'
players,changed_value,45ad1e3a01dc16e4,last_verified_at,2026-06-05,,Column 'last_verified_at' changed for '45ad1e3a01dc16e4'
players,changed_value,4b1bdd7e409955ac,last_verified_at,2026-06-05,,Column 'last_verified_at' changed for '4b1bdd7e409955ac'
players,changed_value,4c8290131864110a,last_verified_at,2026-06-05,,Column 'last_verified_at' changed for '4c8290131864110a'
players,changed_value,4d1a4229a231068b,last_verified_at,2026-06-05,,Column 'last_verified_at' changed for '4d1a4229a231068b'
players,changed_value,539646da4daafda8,last_verified_at,2026-06-05,,Column 'last_verified_at' changed for '539646da4daafda8'
players,changed_value,55b026ae802651bc,last_verified_at,2026-06-05,,Column 'last_verified_at' changed for '55b026ae802651bc'
players,changed_value,575d5664f1c9e6a3,last_verified_at,2026-06-05,,Column 'last_verified_at' changed for '575d5664f1c9e6a3'
players,changed_value,5a6c21473cc6bf03,last_verified_at,2026-06-05,,Column 'last_verified_at' changed for '5a6c21473cc6bf03'
players,changed_value,5ab335163ec0eaf2,last_verified_at,2026-06-05,,Column 'last_verified_at' changed for '5ab335163ec0eaf2'
players,changed_value,5dde0657a44938b0,last_verified_at,2026-06-05,,Column 'last_verified_at' changed for '5dde0657a44938b0'
players,changed_value,69491cc1907888af,last_verified_at,2026-06-05,,Column 'last_verified_at' changed for '69491cc1907888af'
players,changed_value,697a578f926aa62c,last_verified_at,2026-06-05,,Column 'last_verified_at' changed for '697a578f926aa62c'
players,changed_value,6a2f3fdd93ecd284,last_verified_at,2026-06-05,,Column 'last_verified_at' changed for '6a2f3fdd93ecd284'
players,changed_value,6a3a8f3ff534ea1b,last_verified_at,2026-06-05,,Column 'last_verified_at' changed for '6a3a8f3ff534ea1b'
players,changed_value,6a912368a3ecbcbc,last_verified_at,2026-06-05,,Column 'last_verified_at' changed for '6a912368a3ecbcbc'
players,changed_value,6f2cc3d4a30a7794,last_verified_at,2026-06-05,,Column 'last_verified_at' changed for '6f2cc3d4a30a7794'
players,changed_value,73691c83eadf428a,last_verified_at,2026-06-05,,Column 'last_verified_at' changed for '73691c83eadf428a'
players,changed_value,78592d8a60c10647,last_verified_at,2026-06-05,,Column 'last_verified_at' changed for '78592d8a60c10647'
players,changed_value,7f7f522c1a8b3c9f,last_verified_at,2026-06-05,,Column 'last_verified_at' changed for '7f7f522c1a8b3c9f'
players,changed_value,8008a6440674aff7,last_verified_at,2026-06-05,,Column 'last_verified_at' changed for '8008a6440674aff7'
players,changed_value,805ee50c93d2ba53,last_verified_at,2026-06-05,,Column 'last_verified_at' changed for '805ee50c93d2ba53'
players,changed_value,878c5aecbc6312e1,last_verified_at,2026-06-05,,Column 'last_verified_at' changed for '878c5aecbc6312e1'
players,changed_value,8bed1ed007c6d53e,last_verified_at,2026-06-05,,Column 'last_verified_at' changed for '8bed1ed007c6d53e'
players,changed_value,974752ccaff8a51c,last_verified_at,2026-06-05,,Column 'last_verified_at' changed for '974752ccaff8a51c'
players,changed_value,9c5f7dd5cb45f658,last_verified_at,2026-06-05,,Column 'last_verified_at' changed for '9c5f7dd5cb45f658'
players,changed_value,9deecda6c9612096,last_verified_at,2026-06-05,,Column 'last_verified_at' changed for '9deecda6c9612096'
players,changed_value,9f97f558d05dbc67,last_verified_at,2026-06-05,,Column 'last_verified_at' changed for '9f97f558d05dbc67'
players,changed_value,a2fc821c835da5c1,last_verified_at,2026-06-05,,Column 'last_verified_at' changed for 'a2fc821c835da5c1'
players,changed_value,a9da972fb8153b27,last_verified_at,2026-06-05,,Column 'last_verified_at' changed for 'a9da972fb8153b27'
players,changed_value,b65289068084d164,last_verified_at,2026-06-05,,Column 'last_verified_at' changed for 'b65289068084d164'
players,changed_value,b72153acbf06dd5d,last_verified_at,2026-06-05,,Column 'last_verified_at' changed for 'b72153acbf06dd5d'
players,changed_value,bd698f60043c8a96,last_verified_at,2026-06-05,,Column 'last_verified_at' changed for 'bd698f60043c8a96'
players,changed_value,c3dc29a6c26e38cf,last_verified_at,2026-06-05,,Column 'last_verified_at' changed for 'c3dc29a6c26e38cf'
players,changed_value,c458f579d8abdff4,last_verified_at,2026-06-05,,Column 'last_verified_at' changed for 'c458f579d8abdff4'
players,changed_value,cc2d8bdfb27fecaa,last_verified_at,2026-06-05,,Column 'last_verified_at' changed for 'cc2d8bdfb27fecaa'
players,changed_value,cd4283324a77815a,last_verified_at,2026-06-05,,Column 'last_verified_at' changed for 'cd4283324a77815a'
players,changed_value,d59acfa6faa8d67a,last_verified_at,2026-06-05,,Column 'last_verified_at' changed for 'd59acfa6faa8d67a'
players,changed_value,d81923da2451b9c6,last_verified_at,2026-06-05,,Column 'last_verified_at' changed for 'd81923da2451b9c6'
players,changed_value,d8f5b189ba2508c4,last_verified_at,2026-06-05,,Column 'last_verified_at' changed for 'd8f5b189ba2508c4'
players,changed_value,d91e112f459fa434,last_verified_at,2026-06-05,,Column 'last_verified_at' changed for 'd91e112f459fa434'
players,changed_value,d961274081d42414,last_verified_at,2026-06-05,,Column 'last_verified_at' changed for 'd961274081d42414'
players,changed_value,dd50e12fd2137e35,last_verified_at,2026-06-05,,Column 'last_verified_at' changed for 'dd50e12fd2137e35'
players,changed_value,e15e996bf29aa13b,last_verified_at,2026-06-05,,Column 'last_verified_at' changed for 'e15e996bf29aa13b'
players,changed_value,e1cd102ccdfcaadb,last_verified_at,2026-06-05,,Column 'last_verified_at' changed for 'e1cd102ccdfcaadb'
players,changed_value,e3461dc632677e24,last_verified_at,2026-06-05,,Column 'last_verified_at' changed for 'e3461dc632677e24'
players,changed_value,e53eeaa72fdfdbdf,last_verified_at,2026-06-05,,Column 'last_verified_at' changed for 'e53eeaa72fdfdbdf'
players,changed_value,f01b4277a88e9fdd,last_verified_at,2026-06-05,,Column 'last_verified_at' changed for 'f01b4277a88e9fdd'
players,changed_value,f47793789a16b308,last_verified_at,2026-06-05,,Column 'last_verified_at' changed for 'f47793789a16b308'
players,changed_value,fa3a0da0dcc096a7,last_verified_at,2026-06-05,,Column 'last_verified_at' changed for 'fa3a0da0dcc096a7'
players,changed_value,ff277ec55399803a,last_verified_at,2026-06-05,,Column 'last_verified_at' changed for 'ff277ec55399803a'
